{
  "AUC-ROC": 0.7182980739647515,
  "PR-AUC": 0.7544792869386382,
  "Accuracy": 0.6594516594516594,
  "Balanced Acc": 0.6623069806406137,
  "F1": 0.6852754529568656,
  "Precision": 0.7327891424075531,
  "Recall": 0.643548108481603,
  "Specificity": 0.6810658527996244,
  "RMSE": 0.4815223217010498,
  "Log Loss": 0.6565190846093117,
  "Brier Score": 0.23186373710632324,
  "ECE": 0.11115107837586746,
  "MCC": 0.32085421730358754,
  "Cohen Kappa": 0.3176681949959964,
  "Calib Slope": 3.585993561201145,
  "Calib Intercept": 0.3717344366436104
}