{
  "train_loss": [
    0.0979648412792546,
    0.08967504289689338,
    0.08806797634264465,
    0.08701460666147767,
    0.08616016591620293,
    0.08523542908536401,
    0.08422523646787473,
    0.08326052741450109,
    0.08226177808205792,
    0.0814893119938814,
    0.08092579492338144,
    0.08032269927726429,
    0.07987808431409726,
    0.07935526568418855,
    0.07902527833060854,
    0.07857506461204238,
    0.078276730646753,
    0.07795705527636655,
    0.0777308838382648,
    0.07747211943196643,
    0.07724818060542368,
    0.07700469188249795,
    0.07684172751607408,
    0.07658512515437071,
    0.0765687888784773,
    0.07629961681783579,
    0.07627453498399941,
    0.07606127559189584,
    0.07603107131780333,
    0.07589163868480427,
    0.07591383121195872,
    0.07573437809374682,
    0.07568055229961493,
    0.07551593765331681,
    0.07556285391187971,
    0.07541322746094625,
    0.07546890882929419,
    0.07525768819128632,
    0.07526124771803049,
    0.07528807455377215,
    0.07524349872663522,
    0.07518059551526027,
    0.07523503073841144,
    0.07509561262692616,
    0.07512600601288923,
    0.07501329144664631,
    0.0750728562284427,
    0.07498028233742259,
    0.07505403501782448,
    0.07489829966027266,
    0.07492026753106694,
    0.07493281478335144,
    0.0749215223132425,
    0.07489683540763369,
    0.07493432373947399,
    0.0749044995873597
  ],
  "train_auc": [
    0.5024271526553454,
    0.5155459198781233,
    0.5429645406433425,
    0.6042054515632946,
    0.6586573960117257,
    0.7064531318198366,
    0.7310984991607277,
    0.7403727438414958,
    0.748855040176846,
    0.7536347583577108,
    0.752817519655055,
    0.7558361984314304,
    0.75547920058003,
    0.7590736916016535,
    0.7577581392996124,
    0.7598995466226246,
    0.759843714425134,
    0.7611299010128425,
    0.7602889574301732,
    0.7616996872777165,
    0.7618801977708697,
    0.7629543497613245,
    0.7628981489696948,
    0.764461760962039,
    0.7624616309661775,
    0.7646654556086903,
    0.7634738697810861,
    0.7647527859453689,
    0.7642274282433128,
    0.7647415808652487,
    0.7637566922523851,
    0.7649433603327129,
    0.7647222150560947,
    0.7662053196547381,
    0.76512310727029,
    0.7661949534334427,
    0.7651683343377613,
    0.7671565328768748,
    0.7666502156936521,
    0.7656409405185379,
    0.7658639651171122,
    0.7662812247256924,
    0.7655585351050049,
    0.7666004730559173,
    0.7664016789466133,
    0.7671098788306585,
    0.7660007390118994,
    0.7668658455462034,
    0.7661484722376489,
    0.7674703855396562,
    0.7669089965178769,
    0.7671569924594605,
    0.7666913358961219,
    0.7667669559740531,
    0.7664852095742206,
    0.7666335375196673
  ],
  "val_loss": [
    0.09035712406039238,
    0.08920015431940556,
    0.08809561673551798,
    0.08765231501311063,
    0.08706317469477654,
    0.08637092653661967,
    0.08566571865230799,
    0.08485769145190716,
    0.08426445722579956,
    0.08391767386347056,
    0.08332375083118677,
    0.08309197779744863,
    0.0827304970473051,
    0.08253264836966992,
    0.08209908436983823,
    0.08199508395045996,
    0.08173393253237009,
    0.08160280361771584,
    0.08144935965538025,
    0.08131460156291723,
    0.08113865442574024,
    0.08111959230154753,
    0.0808549677953124,
    0.0808533588424325,
    0.08067337330430746,
    0.0806807840242982,
    0.08063064608722925,
    0.080635323561728,
    0.08063805308192969,
    0.08059071023017168,
    0.0806797880679369,
    0.08062182050198316,
    0.08055234625935555,
    0.08052984308451414,
    0.0806680729612708,
    0.0805940505117178,
    0.0806240014731884,
    0.08056817073374986,
    0.08055472820997238,
    0.08064796701073647,
    0.08055046536028385,
    0.08054003417491913,
    0.0805107882246375,
    0.08054485898464918,
    0.08074182607233524,
    0.08073760122060776,
    0.08070803955197334,
    0.08075380474328994,
    0.08061244077980519,
    0.08059137929230928,
    0.0805544400587678,
    0.08054346293210983,
    0.08070294372737408,
    0.08062186706811189,
    0.08069252669811249,
    0.08070088475942612
  ],
  "val_auc": [
    0.5043798635227311,
    0.5307012617746871,
    0.5999130848543137,
    0.6618913083252415,
    0.6918800700966337,
    0.7077866610582655,
    0.7164105714658409,
    0.7165232062029717,
    0.7162205336142022,
    0.7165780560097027,
    0.7172682460315354,
    0.7176467096979791,
    0.7178035791313702,
    0.7178420246890639,
    0.7178194612426905,
    0.7182104004520516,
    0.7182194187335835,
    0.7182720177719051,
    0.7181886024697094,
    0.7182769299218795,
    0.7182980739647515,
    0.7182053666389199,
    0.7180547375116368,
    0.717826548121601,
    0.7181471660260662,
    0.7180256296012626,
    0.7178403518206516,
    0.7176491885848083,
    0.7179676064138464,
    0.7179149718904372,
    0.7177948954235207,
    0.7178499378635839,
    0.7178472207197386,
    0.7174154990062046,
    0.7177402230422274,
    0.7176179312919893,
    0.7177637648631571,
    0.7175866942763629,
    0.7172074550072915,
    0.7174852829654892,
    0.7173841403274211,
    0.7173723592783599,
    0.7172345098518871,
    0.7169799803883046,
    0.7171180883489865,
    0.7161740785653221,
    0.7161247492243518,
    0.7166761215837518,
    0.716948180680576,
    0.716872926948513,
    0.716801165962923,
    0.7167265712396286,
    0.7163952267001316,
    0.7165891172184169,
    0.7158598631845076,
    0.7164010817395747
  ],
  "lr": [
    8e-05,
    0.00017,
    0.00026,
    0.00035,
    0.00043999999999999996,
    0.00053,
    0.00062,
    0.00071,
    0.0008,
    0.00040050000000000003,
    0.0008,
    0.00040050000000000003,
    0.0008,
    0.00040050000000000003,
    0.0008,
    0.00040050000000000003,
    0.0008,
    0.00040050000000000003,
    0.0008,
    0.00040050000000000003,
    0.0008,
    0.00040050000000000003,
    0.0008,
    0.00040050000000000003,
    0.0008,
    0.00040050000000000003,
    0.0008,
    0.00040050000000000003,
    0.0008,
    0.00040050000000000003,
    0.0008,
    0.00040050000000000003,
    0.0008,
    0.00040050000000000003,
    0.0008,
    0.00040050000000000003,
    0.0008,
    0.00040050000000000003,
    0.0008,
    0.00040050000000000003,
    0.0008,
    0.00040050000000000003,
    0.0008,
    0.00040050000000000003,
    0.0008,
    0.00040050000000000003,
    0.0008,
    0.00040050000000000003,
    0.0008,
    0.00040050000000000003,
    0.0008,
    0.00040050000000000003,
    0.0008,
    0.00040050000000000003,
    0.0008,
    0.00040050000000000003
  ]
}