{
  "AUC-ROC": 0.5115580524973148,
  "PR-AUC": 0.6289344444843563,
  "Accuracy": 0.38287153652392947,
  "Balanced Acc": 0.5,
  "F1": 0.0,
  "Precision": 0.0,
  "Recall": 0.0,
  "Specificity": 1.0,
  "RMSE": 0.5153632760047913,
  "Log Loss": 0.7244828141396892,
  "Brier Score": 0.2655993103981018,
  "ECE": 0.17148441076278687,
  "MCC": 0.0,
  "Cohen Kappa": 0.0,
  "Calib Slope": 0.5625156736788511,
  "Calib Intercept": 0.6001790466484808
}