{
  "train_loss": [
    0.0872483995432655,
    0.08138843563695748,
    0.08089440564314525,
    0.08072302180031936,
    0.08056395656118791,
    0.08050634060055017,
    0.08040679122010867,
    0.08041960870226224,
    0.0803839039678375,
    0.08039577677845955,
    0.08031481535484393
  ],
  "train_auc": [
    0.5056598748668397,
    0.510873258919485,
    0.5100732311918867,
    0.520525102680238,
    0.5219775125762743,
    0.5237965436603105,
    0.5287358464315304,
    0.5305318131777244,
    0.5291195598320324,
    0.5253138850156864,
    0.5386109245278546
  ],
  "val_loss": [
    0.0841776015503066,
    0.08910115701811654,
    0.08936886489391327,
    0.08752998603241784,
    0.08599186688661575,
    0.08557322302034923,
    0.08517228811979294,
    0.08512057470423835,
    0.08519228654248374,
    0.085304323051657,
    0.08572679651635033
  ],
  "val_auc": [
    0.5115580524973147,
    0.48995367883995705,
    0.4907791940789474,
    0.4843416437298604,
    0.4956240349758324,
    0.49343343011546725,
    0.4997304225966702,
    0.501133064245435,
    0.5005211130504833,
    0.4991990299409237,
    0.5014861372180451
  ],
  "lr": [
    0.001,
    0.0009755527298894294,
    0.0009046039886902864,
    0.0007940987335200904,
    0.0006548539886902864,
    0.0005005000000000001,
    0.0003461460113097139,
    0.00020690126647990973,
    9.639601130971382e-05,
    2.5447270110570814e-05,
    0.001
  ]
}