{
  "AUC-ROC": 0.5328964554669839,
  "PR-AUC": 0.594318951952908,
  "Accuracy": 0.5567981165391407,
  "Balanced Acc": 0.5072550897127115,
  "F1": 0.702018203403245,
  "Precision": 0.5616293794850148,
  "Recall": 0.9359831164263103,
  "Specificity": 0.07852706299911269,
  "RMSE": 0.49807068705558777,
  "Log Loss": 0.6892915899491635,
  "Brier Score": 0.24807441234588623,
  "ECE": 0.044754017479915066,
  "MCC": 0.02816394035782736,
  "Cohen Kappa": 0.015894409008341825,
  "Calib Slope": 2.241446189726982,
  "Calib Intercept": 0.11585723841420405
}