{
  "train_loss": [
    0.09338568198152736,
    0.08925591097979606,
    0.08904735772292825,
    0.08882802913460551,
    0.08871498854854439,
    0.08867785551502735,
    0.08851215601721897,
    0.08846987500975403,
    0.08837357408638243,
    0.08830111803887766,
    0.0885502741306643,
    0.08845968667087675,
    0.08820998857292948,
    0.0881176462656335,
    0.08791294976880279,
    0.08780256866277018,
    0.08761367399858523,
    0.0874514294953286,
    0.08737689077476912,
    0.08738263885054408,
    0.08766814868284177,
    0.08776544826694682,
    0.08762746417446982,
    0.08739997361656986,
    0.08720171130910705,
    0.08698455819600745,
    0.08682942607357533,
    0.08672456037771853,
    0.08645827973945232,
    0.08645485303824461,
    0.08691862055772467
  ],
  "train_auc": [
    0.5046142162996311,
    0.5143083377341456,
    0.5176682583688939,
    0.5277340843345006,
    0.5343403026411495,
    0.5332929179805587,
    0.5455686885573583,
    0.5432678304678082,
    0.548649380020016,
    0.5557258490691441,
    0.540550631440815,
    0.541240581596975,
    0.5509464472544449,
    0.5569189369449253,
    0.5676255664789226,
    0.5667780688860117,
    0.5762452058656682,
    0.5850459048220179,
    0.5865642661302009,
    0.5846834516781405,
    0.5727812587514988,
    0.5707921621370275,
    0.5764730007407628,
    0.5842868081761718,
    0.5905870333996397,
    0.5987163760929186,
    0.6019340502128123,
    0.6024336003102445,
    0.6158031197810433,
    0.617375163054626,
    0.596772259338836
  ],
  "val_loss": [
    0.09572402834892273,
    0.09316187240183353,
    0.09305493757128716,
    0.0932361539453268,
    0.09290521368384361,
    0.09303820617496968,
    0.09319680146872997,
    0.09358208067715168,
    0.09332682229578496,
    0.09334827102720737,
    0.09238416664302349,
    0.09284406751394272,
    0.09336380995810031,
    0.09451710358262062,
    0.09549268670380115,
    0.09531370587646962,
    0.0957376528531313,
    0.09851080775260926,
    0.09917018376290798,
    0.09939443431794644,
    0.09690831042826176,
    0.0933645624667406,
    0.09378337562084198,
    0.09452780522406101,
    0.09588731229305267,
    0.10197136029601098,
    0.10087678730487823,
    0.10067370049655437,
    0.09973049946129323,
    0.09947196766734123,
    0.10478453524410725
  ],
  "val_auc": [
    0.49943321928015727,
    0.5229142016959103,
    0.5286586304068494,
    0.5191392267500525,
    0.5277122532935546,
    0.5233484943014506,
    0.5245085065484084,
    0.5202419679275769,
    0.5224185806699685,
    0.5233228237539798,
    0.5328963774410038,
    0.5247627932177321,
    0.5271585809383779,
    0.5157282430016158,
    0.5206567540380787,
    0.5215498394069277,
    0.5231283830114346,
    0.5221526681296018,
    0.5241597304171175,
    0.5227350540454755,
    0.5198110304391833,
    0.5248307538464467,
    0.5281001204409029,
    0.5267976327541829,
    0.5239866687931347,
    0.5224948900785596,
    0.5215711404995098,
    0.5208512728066039,
    0.5219647815693895,
    0.5224615729850337,
    0.5244499090373123
  ],
  "lr": [
    0.001,
    0.0009755527298894294,
    0.0009046039886902864,
    0.0007940987335200904,
    0.0006548539886902864,
    0.0005005000000000001,
    0.0003461460113097139,
    0.00020690126647990973,
    9.639601130971382e-05,
    2.5447270110570814e-05,
    0.001,
    0.0009755527298894294,
    0.0009046039886902864,
    0.0007940987335200904,
    0.0006548539886902864,
    0.0005005000000000001,
    0.0003461460113097139,
    0.00020690126647990973,
    9.639601130971382e-05,
    2.5447270110570814e-05,
    0.001,
    0.0009755527298894294,
    0.0009046039886902864,
    0.0007940987335200904,
    0.0006548539886902864,
    0.0005005000000000001,
    0.0003461460113097139,
    0.00020690126647990973,
    9.639601130971382e-05,
    2.5447270110570814e-05,
    0.001
  ]
}